{"inv": [null, null, null, null, null], "player_data": {"xpos": 29.000000000001464, "ypos": -276.10000000000093, "hp_max": 100, "hp": 40, "energy_max": 100, "energy": 30, "money": 50}}